{"cameraMode":{"drawMode":0,"name":"Shaded","section":"Shading Mode"},"sceneLighting":true,"audioPlay":false,"sceneViewState":{"m_AlwaysRefresh":false,"showFog":true,"showSkybox":true,"showFlares":true,"showImageEffects":true,"showParticleSystems":true,"showVisualEffectGraphs":true,"m_FxEnabled":true},"in2DMode":false,"pivot":{"x":805.2713012695313,"y":379.17999267578127,"z":3.1163816452026369},"rotation":{"x":-0.024305589497089387,"y":-0.0113992253318429,"z":0.00027710507856681943,"w":-0.9996392130851746},"size":358.1662902832031,"orthographic":false}